[
     {
          "name": "\u0421\u043c\u0430\u0440\u0442\u0444\u043e\u043d Tecno Spark Go 2024, 128 GB, Mystery White (BG6)",
          "articul": "175766",
          "price": "54 990 \u20b8",
          "memory_size": "128 \u0413\u0411",
          "link": "https://shop.kz/offer/smartfon-tecno-spark-go-2024-128-gb-mystery-white-bg6/"
     },
     {
          "name": "\u0421\u043c\u0430\u0440\u0442\u0444\u043e\u043d Tecno Spark Go 2024, 128 GB, Gravity Black (BG6)",
          "articul": "175765",
          "price": "54 990 \u20b8",
          "memory_size": "128 \u0413\u0411",
          "link": "https://shop.kz/offer/smartfon-tecno-spark-go-2024-128-gb-gravity-black-bg6/"
     },
     {
          "name": "\u0421\u043c\u0430\u0440\u0442\u0444\u043e\u043d POCO C65, 256 GB, Blue (2310FPCA4G)",
          "articul": "175472",
          "price": "59 990 \u20b8",
          "memory_size": "256 \u0413\u0411",
          "link": "https://shop.kz/offer/smartfon-poco-c65-256-gb-blue-2310fpca4g/"
     },
     {
          "name": "\u0421\u043c\u0430\u0440\u0442\u0444\u043e\u043d POCO C65, 256 GB, Black (2310FPCA4G)",
          "articul": "175565",
          "price": "59 990 \u20b8",
          "memory_size": "256 \u0413\u0411",
          "link": "https://shop.kz/offer/smartfon-poco-c65-256-gb-black-2310fpca4g/"
     },
     {
          "name": "\u0421\u043c\u0430\u0440\u0442\u0444\u043e\u043d Samsung Galaxy S23 Plus, 512 GB, Green (SM-S916B)",
          "articul": "175467",
          "price": "499 990 \u20b8",
          "memory_size": "512 \u0413\u0411",
          "link": "https://shop.kz/offer/smartfon-samsung-galaxy-s23-plus-512-gb-green-sm-s916b/"
     },
     {
          "name": "\u0421\u043c\u0430\u0440\u0442\u0444\u043e\u043d Samsung Galaxy A05, 64 GB, Silver (SM-A055F)",
          "articul": "175273",
          "price": "63 790 \u20b8",
          "memory_size": "64 \u0413\u0411",
          "link": "https://shop.kz/offer/smartfon-samsung-galaxy-a05-64-gb-silver-sm-a055f/"
     },
     {
          "name": "\u0421\u043c\u0430\u0440\u0442\u0444\u043e\u043d Samsung Galaxy A05, 64 GB, Black (SM-A055F)",
          "articul": "175272",
          "price": "63 790 \u20b8",
          "memory_size": "64 \u0413\u0411",
          "link": "https://shop.kz/offer/smartfon-samsung-galaxy-a05-64-gb-black-sm-a055f/"
     },
     {
          "name": "\u0421\u043c\u0430\u0440\u0442\u0444\u043e\u043d Samsung Galaxy A05s, 128 GB, Light Violet (SM-A057F)",
          "articul": "175275",
          "price": "77 690 \u20b8",
          "memory_size": "128 \u0413\u0411",
          "link": "https://shop.kz/offer/smartfon-samsung-galaxy-a05s-128-gb-light-violet-sm-a057f/"
     },
     {
          "name": "\u0421\u043c\u0430\u0440\u0442\u0444\u043e\u043d Samsung Galaxy A05s, 128 GB, Silver (SM-A057F)",
          "articul": "175276",
          "price": "77 690 \u20b8",
          "memory_size": "128 \u0413\u0411",
          "link": "https://shop.kz/offer/smartfon-samsung-galaxy-a05s-128-gb-silver-sm-a057f/"
     },
     {
          "name": "\u0421\u043c\u0430\u0440\u0442\u0444\u043e\u043d Samsung Galaxy A05s, 128 GB, Black (SM-A057F)",
          "articul": "175274",
          "price": "77 690 \u20b8",
          "memory_size": "128 \u0413\u0411",
          "link": "https://shop.kz/offer/smartfon-samsung-galaxy-a05s-128-gb-black-sm-a057f/"
     },
     {
          "name": "\u0421\u043c\u0430\u0440\u0442\u0444\u043e\u043d Samsung Galaxy S23 Ultra, 256 GB, Phantom Black (SM-S918B)",
          "articul": "173561",
          "price": "509 990 \u20b8",
          "memory_size": "256 \u0413\u0411",
          "link": "https://shop.kz/offer/smartfon-samsung-galaxy-s23-ultra-256-gb-phantom-black-sm-s918b/"
     },
     {
          "name": "\u0421\u043c\u0430\u0440\u0442\u0444\u043e\u043d Samsung Galaxy S23 FE, 256 GB, Purple (SM-S711B)",
          "articul": "175025",
          "price": "359 990 \u20b8",
          "memory_size": "256 \u0413\u0411",
          "link": "https://shop.kz/offer/smartfon-samsung-galaxy-s23-fe-256-gb-purple-sm-s711b/"
     },
     {
          "name": "\u0421\u043c\u0430\u0440\u0442\u0444\u043e\u043d Samsung Galaxy S23 FE, 256 GB, Graphite (SM-S711B)",
          "articul": "175023",
          "price": "359 990 \u20b8",
          "memory_size": "256 \u0413\u0411",
          "link": "https://shop.kz/offer/smartfon-samsung-galaxy-s23-fe-256-gb-graphite-sm-s711b/"
     },
     {
          "name": "\u0421\u043c\u0430\u0440\u0442\u0444\u043e\u043d Tecno Camon 20 Pro, 256 GB, Serenity Blue (CK7n)",
          "articul": "174986",
          "price": "129 990 \u20b8",
          "memory_size": "256 \u0413\u0411",
          "link": "https://shop.kz/offer/smartfon-tecno-camon-20-pro-256-gb-serenity-blue-ck7n/"
     },
     {
          "name": "\u0421\u043c\u0430\u0440\u0442\u0444\u043e\u043d Tecno Spark 10 Pro, 128 GB, Starry Black (KI7)",
          "articul": "174988",
          "price": "79 990 \u20b8",
          "memory_size": "128 \u0413\u0411",
          "link": "https://shop.kz/offer/smartfon-tecno-spark-10-pro-128-gb-starry-black-ki7/"
     },
     {
          "name": "\u0421\u043c\u0430\u0440\u0442\u0444\u043e\u043d Tecno Pova Neo 3, 128 GB, Amber Gold (LH6n)",
          "articul": "174289",
          "price": "99 990 \u20b8",
          "memory_size": "128 \u0413\u0411",
          "link": "https://shop.kz/offer/smartfon-tecno-pova-neo-3-128-gb-amber-gold-lh6n/"
     },
     {
          "name": "\u0421\u043c\u0430\u0440\u0442\u0444\u043e\u043d Tecno Pova Neo 3, 128 GB, Mecha Black (LH6n)",
          "articul": "174290",
          "price": "85 990 \u20b8",
          "memory_size": "128 \u0413\u0411",
          "link": "https://shop.kz/offer/smartfon-tecno-pova-neo-3-128-gb-mecha-black-lh6n/"
     },
     {
          "name": "\u0421\u043c\u0430\u0440\u0442\u0444\u043e\u043d Samsung Galaxy S23 Plus, 512 GB, Phantom Black (SM-S916B)",
          "articul": "174365",
          "price": "479 990 \u20b8",
          "memory_size": "512 \u0413\u0411",
          "link": "https://shop.kz/offer/smartfon-samsung-galaxy-s23-plus-512-gb-phantom-black-sm-s916b/"
     },
     {
          "name": "\u0421\u043c\u0430\u0440\u0442\u0444\u043e\u043d Samsung Galaxy S23 Ultra, 512 GB, Green (SM-S918B)",
          "articul": "174362",
          "price": "569 990 \u20b8",
          "memory_size": "512 \u0413\u0411",
          "link": "https://shop.kz/offer/smartfon-samsung-galaxy-s23-ultra-512-gb-green-sm-s918b/"
     },
     {
          "name": "\u0421\u043c\u0430\u0440\u0442\u0444\u043e\u043d Samsung Galaxy S23, 256 GB, Green (SM-S911B)",
          "articul": "174357",
          "price": "389 990 \u20b8",
          "memory_size": "256 \u0413\u0411",
          "link": "https://shop.kz/offer/smartfon-samsung-galaxy-s23-256-gb-green-sm-s911b/"
     },
     {
          "name": "\u0421\u043c\u0430\u0440\u0442\u0444\u043e\u043d Tecno Pova 5, 256 GB, Amber Gold (LH7n)",
          "articul": "174287",
          "price": "125 990 \u20b8",
          "memory_size": "256 \u0413\u0411",
          "link": "https://shop.kz/offer/smartfon-tecno-pova-5-256-gb-amber-gold-lh7n/"
     },
     {
          "name": "\u0421\u043c\u0430\u0440\u0442\u0444\u043e\u043d Tecno Pova 5, 128 GB, Amber Gold (LH7n)",
          "articul": "174285",
          "price": "119 990 \u20b8",
          "memory_size": "128 \u0413\u0411",
          "link": "https://shop.kz/offer/smartfon-tecno-pova-5-128-gb-amber-gold-lh7n/"
     },
     {
          "name": "\u0421\u043c\u0430\u0440\u0442\u0444\u043e\u043d Tecno Pova 5, 256 GB, Mecha Black (LH7n)",
          "articul": "174288",
          "price": "125 990 \u20b8",
          "memory_size": "256 \u0413\u0411",
          "link": "https://shop.kz/offer/smartfon-tecno-pova-5-256-gb-mecha-black-lh7n/"
     },
     {
          "name": "\u0421\u043c\u0430\u0440\u0442\u0444\u043e\u043d Tecno Pova 5, 128 GB, Mecha Black (LH7n)",
          "articul": "174286",
          "price": "99 990 \u20b8",
          "memory_size": "128 \u0413\u0411",
          "link": "https://shop.kz/offer/smartfon-tecno-pova-5-128-gb-mecha-black-lh7n/"
     },
     {
          "name": "\u0421\u043c\u0430\u0440\u0442\u0444\u043e\u043d Samsung Galaxy Z Flip5, 512 GB, Graphite (SM-F731B)",
          "articul": "173562",
          "price": "569 890 \u20b8",
          "memory_size": "512 \u0413\u0411",
          "link": "https://shop.kz/offer/smartfon-samsung-galaxy-z-flip5-512-gb-graphite-sm-f731b/"
     },
     {
          "name": "\u0421\u043c\u0430\u0440\u0442\u0444\u043e\u043d Tecno Camon 20 Pro, 256 GB, Predawn Black (CK7n)",
          "articul": "173441",
          "price": "129 990 \u20b8",
          "memory_size": "256 \u0413\u0411",
          "link": "https://shop.kz/offer/smartfon-tecno-camon-20-pro-256-gb-predawn-black-ck7n/"
     },
     {
          "name": "\u0421\u043c\u0430\u0440\u0442\u0444\u043e\u043d Tecno Spark 10 Pro, 128 GB, Pearl White (KI7)",
          "articul": "173439",
          "price": "79 990 \u20b8",
          "memory_size": "128 \u0413\u0411",
          "link": "https://shop.kz/offer/smartfon-tecno-spark-10-pro-128-gb-pearl-white-ki7/"
     },
     {
          "name": "\u0421\u043c\u0430\u0440\u0442\u0444\u043e\u043d Tecno Spark 10 Pro, 256 GB, Pearl White (KI7)",
          "articul": "173440",
          "price": "99 990 \u20b8",
          "memory_size": "256 \u0413\u0411",
          "link": "https://shop.kz/offer/smartfon-tecno-spark-10-pro-256-gb-pearl-white-ki7/"
     },
     {
          "name": "\u0421\u043c\u0430\u0440\u0442\u0444\u043e\u043d motorola moto g32, 128 GB, Satin Silver (PAUV0010TN)",
          "articul": "173397",
          "price": "99 990 \u20b8",
          "memory_size": "128 \u0413\u0411",
          "link": "https://shop.kz/offer/smartfon-motorola-moto-g32-128-gb-satin-silver-pauv0010tn/"
     },
     {
          "name": "\u0421\u043c\u0430\u0440\u0442\u0444\u043e\u043d motorola moto g32, 128 GB, Mineral Grey (PAUV0001TN)",
          "articul": "173396",
          "price": "99 990 \u20b8",
          "memory_size": "128 \u0413\u0411",
          "link": "https://shop.kz/offer/smartfon-motorola-moto-g32-128-gb-mineral-grey-pauv0001tn/"
     },
     {
          "name": "\u0421\u043c\u0430\u0440\u0442\u0444\u043e\u043d Tecno Camon 19 Pro, 128 GB, Polar Blue (CI8n) (SN:356061282094822)",
          "articul": "165339+356061282094822",
          "price": "116 990 \u20b8",
          "memory_size": "128 \u0413\u0411",
          "link": "https://shop.kz/offer/smartfon-tecno-camon-19-pro-128-gb-polar-blue-ci8n-sn-356061282094822/"
     },
     {
          "name": "\u0421\u043c\u0430\u0440\u0442\u0444\u043e\u043d Xiaomi 13T Pro, 512 GB, Black",
          "articul": "173267",
          "price": "369 990 \u20b8",
          "memory_size": "512 \u0413\u0411",
          "link": "https://shop.kz/offer/smartfon-xiaomi-13t-pro-512-gb-black/"
     },
     {
          "name": "\u0421\u043c\u0430\u0440\u0442\u0444\u043e\u043d Xiaomi 13T Pro, 512 GB, Meadow Green",
          "articul": "173268",
          "price": "369 990 \u20b8",
          "memory_size": "512 \u0413\u0411",
          "link": "https://shop.kz/offer/smartfon-xiaomi-13t-pro-512-gb-meadow-green/"
     },
     {
          "name": "\u0421\u043c\u0430\u0440\u0442\u0444\u043e\u043d Samsung Galaxy A04s, 32 GB, Green (SM-A047F)",
          "articul": "172862",
          "price": "60 990 \u20b8",
          "memory_size": "32 \u0413\u0411",
          "link": "https://shop.kz/offer/smartfon-samsung-galaxy-a04s-32-gb-green-sm-a047f/"
     },
     {
          "name": "\u0421\u043c\u0430\u0440\u0442\u0444\u043e\u043d Samsung Galaxy A54 5G, 256 GB, Awesome Violet (SM-A546E)",
          "articul": "172237",
          "price": "189 990 \u20b8",
          "memory_size": "256 \u0413\u0411",
          "link": "https://shop.kz/offer/smartfon-samsung-galaxy-a54-5g-256-gb-awesome-violet-sm-a546e/"
     },
     {
          "name": "\u0421\u043c\u0430\u0440\u0442\u0444\u043e\u043d Samsung Galaxy Z Fold5, 512 GB, Black (SM-F946B)",
          "articul": "172241",
          "price": "879 990 \u20b8",
          "memory_size": "512 \u0413\u0411",
          "link": "https://shop.kz/offer/smartfon-samsung-galaxy-z-fold5-512-gb-black-sm-f946b/"
     },
     {
          "name": "\u0421\u043c\u0430\u0440\u0442\u0444\u043e\u043d Samsung Galaxy Z Fold5, 256 GB, Black (SM-F946B)",
          "articul": "172240",
          "price": "799 990 \u20b8",
          "memory_size": "256 \u0413\u0411",
          "link": "https://shop.kz/offer/smartfon-samsung-galaxy-z-fold5-256-gb-black-sm-f946b/"
     },
     {
          "name": "\u0421\u043c\u0430\u0440\u0442\u0444\u043e\u043d Samsung Galaxy Z Flip5, 256 GB, Graphite (SM-F731B)",
          "articul": "172239",
          "price": "499 890 \u20b8",
          "memory_size": "256 \u0413\u0411",
          "link": "https://shop.kz/offer/smartfon-samsung-galaxy-z-flip5-256-gb-graphite-sm-f731b/"
     },
     {
          "name": "\u0421\u043c\u0430\u0440\u0442\u0444\u043e\u043d Samsung Galaxy Z Flip5, 256 GB, Cream (SM-F731B)",
          "articul": "172238",
          "price": "499 890 \u20b8",
          "memory_size": "256 \u0413\u0411",
          "link": "https://shop.kz/offer/smartfon-samsung-galaxy-z-flip5-256-gb-cream-sm-f731b/"
     },
     {
          "name": "\u0421\u043c\u0430\u0440\u0442\u0444\u043e\u043d vivo V21, 128Gb, Sunset Dazzle (V2066) (SN:869963059104751)",
          "articul": "159549+869963059104751",
          "price": "149 990 \u20b8",
          "memory_size": "128 \u0413\u0411",
          "link": "https://shop.kz/offer/smartfon-vivo-v21-128gb-sunset-dazzle-v2066-sn-869963059104751/"
     },
     {
          "name": "\u0421\u043c\u0430\u0440\u0442\u0444\u043e\u043d Redmi A2+, 64 GB, Light Green (23028RNCAG)",
          "articul": "171946",
          "price": "42 990 \u20b8",
          "memory_size": "64 \u0413\u0411",
          "link": "https://shop.kz/offer/smartfon-redmi-a2-64-gb-light-green-23028rncag/"
     },
     {
          "name": "\u0421\u043c\u0430\u0440\u0442\u0444\u043e\u043d Redmi A2+, 64 GB, Light Blue (23028RNCAG)",
          "articul": "171945",
          "price": "42 990 \u20b8",
          "memory_size": "64 \u0413\u0411",
          "link": "https://shop.kz/offer/smartfon-redmi-a2-64-gb-light-blue-23028rncag/"
     },
     {
          "name": "\u0421\u043c\u0430\u0440\u0442\u0444\u043e\u043d Redmi A2+, 64 GB, Black (23028RNCAG)",
          "articul": "171944",
          "price": "42 990 \u20b8",
          "memory_size": "64 \u0413\u0411",
          "link": "https://shop.kz/offer/smartfon-redmi-a2-64-gb-black-23028rncag/"
     },
     {
          "name": "\u0421\u043c\u0430\u0440\u0442\u0444\u043e\u043d Samsung Galaxy S23, 128 GB, Cream (SM-S911B)",
          "articul": "171915",
          "price": "366 990 \u20b8",
          "memory_size": "128 \u0413\u0411",
          "link": "https://shop.kz/offer/smartfon-samsung-galaxy-s23-128-gb-cream-sm-s911b/"
     },
     {
          "name": "\u0421\u043c\u0430\u0440\u0442\u0444\u043e\u043d Samsung Galaxy S23, 128 GB, Lavender (SM-S911B)",
          "articul": "171914",
          "price": "359 890 \u20b8",
          "memory_size": "128 \u0413\u0411",
          "link": "https://shop.kz/offer/smartfon-samsung-galaxy-s23-128-gb-lavender-sm-s911b/"
     },
     {
          "name": "\u0421\u043c\u0430\u0440\u0442\u0444\u043e\u043d Samsung Galaxy S23, 256 GB, Phantom Black (SM-S911B)",
          "articul": "171917",
          "price": "389 990 \u20b8",
          "memory_size": "256 \u0413\u0411",
          "link": "https://shop.kz/offer/smartfon-samsung-galaxy-s23-256-gb-phantom-black-sm-s911b/"
     },
     {
          "name": "\u0421\u043c\u0430\u0440\u0442\u0444\u043e\u043d Samsung Galaxy S23, 128 GB, Phantom Black (SM-S911B)",
          "articul": "171916",
          "price": "349 990 \u20b8",
          "memory_size": "128 \u0413\u0411",
          "link": "https://shop.kz/offer/smartfon-samsung-galaxy-s23-128-gb-phantom-black-sm-s911b/"
     },
     {
          "name": "\u0421\u043c\u0430\u0440\u0442\u0444\u043e\u043d Redmi Note 12, 8 GB, 256 GB, Mint Green (23021RAA2Y)",
          "articul": "171949",
          "price": "99 990 \u20b8",
          "memory_size": "256 \u0413\u0411",
          "link": "https://shop.kz/offer/smartfon-redmi-note-12-8-gb-256-gb-mint-green-23021raa2y/"
     },
     {
          "name": "\u0421\u043c\u0430\u0440\u0442\u0444\u043e\u043d Redmi Note 12, 8 GB, 256 GB, Ice Blue (23021RAA2Y)",
          "articul": "171948",
          "price": "99 990 \u20b8",
          "memory_size": "256 \u0413\u0411",
          "link": "https://shop.kz/offer/smartfon-redmi-note-12-8-gb-256-gb-ice-blue-23021raa2y/"
     },
     {
          "name": "\u0421\u043c\u0430\u0440\u0442\u0444\u043e\u043d motorola edge 30 Ultra, 256 GB, Interstellar Black (PAUR0011TN) (SN:355222701216393)",
          "articul": "168049+355222701216393",
          "price": "459 990 \u20b8",
          "memory_size": "256 \u0413\u0411",
          "link": "https://shop.kz/offer/smartfon-motorola-edge-30-ultra-256-gb-interstellar-black-paur0011tn-sn-355222701216393/"
     },
     {
          "name": "\u0421\u043c\u0430\u0440\u0442\u0444\u043e\u043d Redmi 12, 256 GB, Midnight Black (23053RN02A)",
          "articul": "171529",
          "price": "89 990 \u20b8",
          "memory_size": "256 \u0413\u0411",
          "link": "https://shop.kz/offer/smartfon-redmi-12-256-gb-midnight-black-23053rn02a/"
     },
     {
          "name": "\u0421\u043c\u0430\u0440\u0442\u0444\u043e\u043d Redmi 12, 256 GB, Sky Blue (23053RN02A)",
          "articul": "171530",
          "price": "89 990 \u20b8",
          "memory_size": "256 \u0413\u0411",
          "link": "https://shop.kz/offer/smartfon-redmi-12-256-gb-sky-blue-23053rn02a/"
     },
     {
          "name": "\u0421\u043c\u0430\u0440\u0442\u0444\u043e\u043d Tecno Spark 10 Pro, 256 GB, Starry Black (KI7)",
          "articul": "171216",
          "price": "99 990 \u20b8",
          "memory_size": "256 \u0413\u0411",
          "link": "https://shop.kz/offer/smartfon-tecno-spark-10-pro-256-gb-starry-black-ki7/"
     },
     {
          "name": "\u0421\u043c\u0430\u0440\u0442\u0444\u043e\u043d Tecno Spark 10, 8 GB/128 GB, Meta Blue (KI5q)",
          "articul": "171214",
          "price": "69 990 \u20b8",
          "memory_size": "128 \u0413\u0411",
          "link": "https://shop.kz/offer/smartfon-tecno-spark-10-8-gb-128-gb-meta-blue-ki5q/"
     },
     {
          "name": "\u0421\u043c\u0430\u0440\u0442\u0444\u043e\u043d Tecno Spark 10, 8 GB/128 GB, Meta Black (KI5q)",
          "articul": "171213",
          "price": "69 990 \u20b8",
          "memory_size": "128 \u0413\u0411",
          "link": "https://shop.kz/offer/smartfon-tecno-spark-10-8-gb-128-gb-meta-black-ki5q/"
     },
     {
          "name": "\u0421\u043c\u0430\u0440\u0442\u0444\u043e\u043d Tecno Spark 10, 4 GB/128 GB, Meta White (KI5q)",
          "articul": "171221",
          "price": "79 990 \u20b8",
          "memory_size": "128 \u0413\u0411",
          "link": "https://shop.kz/offer/smartfon-tecno-spark-10-4-gb-128-gb-meta-white-ki5q/"
     }
]